id_local;id_osm;code_com;coordonneesxy;capacite;type_accroche;mobilier;acces;gratuit;protection;couverture;surveillance;source;date_maj
node/1712697982;node/1712697982;42218;[4.378871799999999,45.46366510041738];6;;AUTRE;LIBRE ACCES;true;AUTRE;true;false;OpenStreetMap;26/02/2020
node/1742800803;node/1742800803;42218;[4.387595799999999,45.43605910042079];6;CADRE ET ROUE;ARCEAU;LIBRE ACCES;true;AUTRE;false;false;OpenStreetMap;27/02/2021
node/1746143847;node/1746143847;42218;[4.381285899999999,45.44134300042013];20;CADRE ET ROUE;ARCEAU;LIBRE ACCES;true;AUTRE;false;false;OpenStreetMap;01/11/2015
node/1747406108;node/1747406108;42218;[4.3829729,45.45524780041842];3;CADRE ET ROUE;ARCEAU;LIBRE ACCES;true;AUTRE;false;false;OpenStreetMap;12/10/2019
node/1952291545;node/1952291545;42218;[4.3999891,45.44294270041993];28;CADRE ET ROUE;ARCEAU;LIBRE ACCES;true;AUTRE;false;false;OpenStreetMap;18/09/2020
node/2228460115;node/2228460115;42218;[4.3859815,45.44767460041935];10;CADRE ET ROUE;ARCEAU;LIBRE ACCES;true;AUTRE;false;false;OpenStreetMap;26/02/2020
node/2298091549;node/2298091549;42218;[4.3879941,45.451662700418844];38;CADRE ET ROUE;ARCEAU;LIBRE ACCES;true;AUTRE;false;false;OpenStreetMap;01/11/2015
node/2310910674;node/2310910674;42218;[4.409077599999999,45.423057300422364];20;CADRE ET ROUE;ARCEAU;LIBRE ACCES;true;AUTRE;false;false;OpenStreetMap;09/06/2021
node/2343498454;node/2343498454;42218;[4.390497399999999,45.443602800419846];4;CADRE ET ROUE;ARCEAU;LIBRE ACCES;true;AUTRE;false;false;OpenStreetMap;07/04/2021
node/2350789690;node/2350789690;42218;[4.3783963,45.43684420042067];8;;AUTRE;LIBRE ACCES;true;CONSIGNE COLLECTIVE FERMEE;true;false;OpenStreetMap;29/11/2019
node/2350789691;node/2350789691;42218;[4.3784472,45.436862100420676];4;;AUTRE;LIBRE ACCES;true;BOX INDIVIDUEL FERME;true;false;OpenStreetMap;28/08/2021
node/2356315765;node/2356315765;42218;[4.388143399999999,45.43467050042094];4;CADRE ET ROUE;ARCEAU;LIBRE ACCES;true;AUTRE;false;false;OpenStreetMap;16/12/2021
node/2356319166;node/2356319166;42218;[4.388145,45.4325401004212];8;CADRE ET ROUE;ARCEAU;LIBRE ACCES;true;AUTRE;false;false;OpenStreetMap;22/05/2021
node/2356319174;node/2356319174;42218;[4.3890639,45.43200600042126];4;CADRE ET ROUE;ARCEAU;LIBRE ACCES;true;AUTRE;false;false;OpenStreetMap;23/09/2021
node/2356336154;node/2356336154;42218;[4.3939819,45.43813760042052];4;CADRE ET ROUE;ARCEAU;LIBRE ACCES;true;AUTRE;false;false;OpenStreetMap;27/02/2021
node/2356336169;node/2356336169;42218;[4.3913871,45.43735910042062];4;CADRE ET ROUE;ARCEAU;LIBRE ACCES;true;AUTRE;false;false;OpenStreetMap;27/07/2021
node/2356336176;node/2356336176;42218;[4.3929409,45.43722670042063];6;CADRE ET ROUE;ARCEAU;LIBRE ACCES;true;AUTRE;false;false;OpenStreetMap;30/04/2021
node/2363129394;node/2363129394;42044;[4.322649200000001,45.394716300425756];;;AUTRE;LIBRE ACCES;true;BOX INDIVIDUEL FERME;true;false;OpenStreetMap;27/06/2013
node/2377251919;node/2377251919;42222;[4.3182026,45.59014790040123];6;;AUTRE;LIBRE ACCES;true;AUTRE;false;false;OpenStreetMap;07/07/2013
node/2436835692;node/2436835692;42218;[4.3847913,45.446731400419466];6;CADRE;POTELET;LIBRE ACCES;true;AUTRE;false;false;OpenStreetMap;11/10/2021
node/2500406276;node/2500406276;42189;[4.3244313,45.434638000420954];10;CADRE ET ROUE;ARCEAU;LIBRE ACCES;true;AUTRE;false;false;OpenStreetMap;18/10/2013
node/2533432203;node/2533432203;42218;[4.4043603,45.44197850042004];10;CADRE;POTELET;LIBRE ACCES;true;AUTRE;false;false;cadastre-dgi-fr source : Direction Générale des Impôts - Cadastre. Mise à jour : 2013;15/11/2013
node/2624839627;node/2624839627;42218;[4.3871012,45.43975170042033];16;CADRE ET ROUE;ARCEAU;LIBRE ACCES;true;AUTRE;false;false;OpenStreetMap;18/10/2020
node/2637014187;node/2637014187;42218;[4.2553042,45.44849700041926];16;CADRE ET ROUE;ARCEAU;LIBRE ACCES;true;AUTRE;false;false;OpenStreetMap;25/01/2014
node/2655788481;node/2655788481;42218;[4.3890624,45.44224920042001];26;;AUTRE;PRIVE;false;AUTRE;true;false;OpenStreetMap;03/04/2019
node/2664625328;node/2664625328;42218;[4.3870522,45.44138990042012];8;CADRE ET ROUE;ARCEAU;LIBRE ACCES;true;AUTRE;false;false;OpenStreetMap;08/04/2021
node/2664625332;node/2664625332;42218;[4.3868251,45.44136200042012];8;CADRE ET ROUE;ARCEAU;LIBRE ACCES;true;AUTRE;false;false;OpenStreetMap;08/04/2021
node/2715614964;node/2715614964;42218;[4.3857856,45.450081100419055];12;CADRE ET ROUE;ARCEAU;LIBRE ACCES;true;AUTRE;false;false;OpenStreetMap;07/02/2021
node/2715614983;node/2715614983;42218;[4.3857446,45.45022300041904];18;CADRE ET ROUE;ARCEAU;LIBRE ACCES;true;AUTRE;false;false;OpenStreetMap;07/02/2021
node/2715614995;node/2715614995;42218;[4.385659899999999,45.45051160041899];18;CADRE ET ROUE;ARCEAU;LIBRE ACCES;true;AUTRE;false;false;OpenStreetMap;02/05/2021
node/2715614998;node/2715614998;42218;[4.385618899999999,45.45065730041898];18;CADRE ET ROUE;ARCEAU;LIBRE ACCES;true;AUTRE;false;false;OpenStreetMap;02/05/2021
node/2715615004;node/2715615004;42218;[4.3856446,45.45111520041893];12;CADRE ET ROUE;ARCEAU;LIBRE ACCES;true;AUTRE;true;false;OpenStreetMap;06/10/2014
node/2715615010;node/2715615010;42218;[4.385714799999999,45.451341800418916];12;CADRE ET ROUE;ARCEAU;LIBRE ACCES;true;AUTRE;false;false;OpenStreetMap;01/11/2015
node/2715615016;node/2715615016;42218;[4.386592199999999,45.45146790041889];14;CADRE;POTELET;LIBRE ACCES;true;AUTRE;false;false;OpenStreetMap;06/10/2014
node/2715615020;node/2715615020;42218;[4.386476299999999,45.45155600041886];14;CADRE ET ROUE;ARCEAU;LIBRE ACCES;true;AUTRE;false;false;OpenStreetMap;01/11/2015
node/2715615021;node/2715615021;42218;[4.3881935,45.45183390041884];4;CADRE ET ROUE;ARCEAU;LIBRE ACCES;true;AUTRE;false;false;OpenStreetMap;01/11/2015
node/2715615024;node/2715615024;42218;[4.3878597,45.45239410041877];15;ROUE;RATELIER;LIBRE ACCES;true;AUTRE;true;false;OpenStreetMap;13/03/2014
node/2860407101;node/2860407101;42207;[4.501642999999999,45.455639000418365];;;AUTRE;LIBRE ACCES;true;AUTRE;false;false;OpenStreetMap;15/05/2014
node/2931102423;node/2931102423;42218;[4.3982051,45.44343850041986];78;;AUTRE;LIBRE ACCES;false;AUTRE;true;false;OpenStreetMap;13/02/2021
node/3114757256;node/3114757256;42218;[4.3865513,45.44958250041911];14;CADRE ET ROUE;ARCEAU;LIBRE ACCES;true;AUTRE;false;false;OpenStreetMap;06/10/2014
node/3206083829;node/3206083829;42218;[4.390902,45.430529900421455];6;CADRE ET ROUE;ARCEAU;LIBRE ACCES;true;AUTRE;false;false;OpenStreetMap;26/11/2014
node/3206083830;node/3206083830;42218;[4.389767099999999,45.430498100421445];4;CADRE ET ROUE;ARCEAU;LIBRE ACCES;true;AUTRE;false;false;OpenStreetMap;16/12/2021
node/3207792048;node/3207792048;42218;[4.3888136,45.439830400420306];4;CADRE ET ROUE;ARCEAU;LIBRE ACCES;true;AUTRE;false;false;OpenStreetMap;05/05/2021
node/3208359790;node/3208359790;42218;[4.381699299999999,45.43730540042062];4;CADRE ET ROUE;ARCEAU;LIBRE ACCES;true;AUTRE;false;false;OpenStreetMap;27/11/2014
node/3208359791;node/3208359791;42218;[4.379419399999999,45.43720000042063];5;CADRE ET ROUE;ARCEAU;LIBRE ACCES;true;AUTRE;false;false;OpenStreetMap;20/01/2021
node/3208370489;node/3208370489;42218;[4.3956288,45.43064530042143];6;CADRE ET ROUE;ARCEAU;LIBRE ACCES;true;AUTRE;false;false;OpenStreetMap;27/11/2014
node/3208582282;node/3208582282;42218;[4.3871409,45.4318330004213];6;CADRE ET ROUE;ARCEAU;LIBRE ACCES;true;AUTRE;false;false;OpenStreetMap;28/11/2014
node/3330702751;node/3330702751;42218;[4.3937719,45.435254300420866];6;CADRE ET ROUE;ARCEAU;LIBRE ACCES;true;AUTRE;false;false;OpenStreetMap;23/09/2021
node/3348052179;node/3348052179;42218;[4.3956522,45.43949270042035];6;CADRE ET ROUE;ARCEAU;LIBRE ACCES;true;AUTRE;false;false;OpenStreetMap;26/02/2021
node/3348084273;node/3348084273;42218;[4.3787650000000005,45.46559390041714];10;CADRE ET ROUE;ARCEAU;LIBRE ACCES;true;AUTRE;false;false;OpenStreetMap;26/02/2020
node/3500886244;node/3500886244;42218;[4.3931155,45.41791600042298];6;CADRE ET ROUE;ARCEAU;LIBRE ACCES;true;AUTRE;false;false;OpenStreetMap;26/02/2020
node/3618275311;node/3618275311;42218;[4.4029301,45.44099360042017];12;CADRE;POTELET;LIBRE ACCES;true;AUTRE;false;false;OpenStreetMap;25/06/2015
node/3750184177;node/3750184177;42218;[4.3834766,45.441554300420094];4;CADRE ET ROUE;ARCEAU;LIBRE ACCES;true;AUTRE;false;false;OpenStreetMap;22/01/2022
node/3751670124;node/3751670124;42218;[4.3822234,45.442088000420036];4;CADRE ET ROUE;ARCEAU;LIBRE ACCES;true;AUTRE;false;false;OpenStreetMap;22/01/2022
node/3762122758;node/3762122758;42218;[4.3936503,45.436098200420794];8;CADRE ET ROUE;ARCEAU;LIBRE ACCES;true;AUTRE;false;false;OpenStreetMap;23/09/2021
node/3762122759;node/3762122759;42218;[4.393366999999999,45.43562510042082];4;CADRE ET ROUE;ARCEAU;LIBRE ACCES;true;AUTRE;false;false;OpenStreetMap;23/09/2021
node/3811538879;node/3811538879;42218;[4.389542799999999,45.435427200420854];4;CADRE ET ROUE;ARCEAU;LIBRE ACCES;true;AUTRE;false;false;OpenStreetMap;08/07/2021
node/3812454548;node/3812454548;42218;[4.386471,45.44447420041974];4;CADRE ET ROUE;ARCEAU;LIBRE ACCES;true;AUTRE;false;false;OpenStreetMap;15/01/2022
node/3812476215;node/3812476215;42218;[4.3917527,45.453892600418584];50;CADRE ET ROUE;ARCEAU;LIBRE ACCES;true;AUTRE;false;false;OpenStreetMap;01/11/2015
node/3812476216;node/3812476216;42218;[4.3917983,45.454058200418565];33;CADRE ET ROUE;ARCEAU;LIBRE ACCES;true;AUTRE;false;false;OpenStreetMap;01/11/2015
node/3877853600;node/3877853600;42218;[4.3840088999999995,45.421199900422586];4;CADRE;POTELET;LIBRE ACCES;true;AUTRE;false;false;OpenStreetMap;05/12/2015
node/3940114262;node/3940114262;42218;[4.385958199999999,45.45112250041891];6;CADRE ET ROUE;ARCEAU;LIBRE ACCES;true;AUTRE;false;false;OpenStreetMap;11/01/2016
node/3940114264;node/3940114264;42218;[4.3861522,45.45114900041893];6;CADRE ET ROUE;ARCEAU;LIBRE ACCES;true;AUTRE;false;false;OpenStreetMap;11/01/2016
node/3940114265;node/3940114265;42218;[4.3863366,45.45117590041894];6;CADRE ET ROUE;ARCEAU;LIBRE ACCES;true;AUTRE;false;false;OpenStreetMap;11/01/2016
node/3940114267;node/3940114267;42218;[4.3865148,45.45119870041893];6;CADRE ET ROUE;ARCEAU;LIBRE ACCES;true;AUTRE;false;false;OpenStreetMap;11/01/2016
node/3940114268;node/3940114268;42218;[4.3866891,45.45122370041891];6;CADRE ET ROUE;ARCEAU;LIBRE ACCES;true;AUTRE;false;false;OpenStreetMap;11/01/2016
node/3940114269;node/3940114269;42218;[4.3867433,45.4512618004189];6;CADRE ET ROUE;ARCEAU;LIBRE ACCES;true;AUTRE;false;false;OpenStreetMap;11/01/2016
node/3940114270;node/3940114270;42218;[4.3868320999999995,45.45127480041891];6;CADRE ET ROUE;ARCEAU;LIBRE ACCES;true;AUTRE;false;false;OpenStreetMap;11/01/2016
node/3940114271;node/3940114271;42218;[4.387275999999999,45.451303700418904];18;CADRE ET ROUE;ARCEAU;LIBRE ACCES;true;AUTRE;false;false;OpenStreetMap;11/01/2016
node/3940114274;node/3940114274;42218;[4.3874388,45.45132400041889];18;CADRE ET ROUE;ARCEAU;LIBRE ACCES;true;AUTRE;false;false;OpenStreetMap;11/01/2016
node/3940114276;node/3940114276;42218;[4.3867009,45.4513789004189];6;CADRE ET ROUE;ARCEAU;LIBRE ACCES;true;AUTRE;false;false;OpenStreetMap;11/01/2016
node/3940114279;node/3940114279;42218;[4.3868192,45.45139550041888];6;CADRE ET ROUE;ARCEAU;LIBRE ACCES;true;AUTRE;false;false;OpenStreetMap;11/01/2016
node/3972053187;node/3972053187;42218;[4.3988079,45.44062110042022];8;CADRE ET ROUE;ARCEAU;LIBRE ACCES;true;AUTRE;false;false;OpenStreetMap;03/03/2021
node/3972090502;node/3972090502;42218;[4.3894161,45.45966670041787];6;CADRE ET ROUE;ARCEAU;LIBRE ACCES;true;AUTRE;false;false;OpenStreetMap;27/01/2016
node/3972090503;node/3972090503;42218;[4.388334899999999,45.46015320041781];8;CADRE ET ROUE;ARCEAU;LIBRE ACCES;true;AUTRE;false;false;OpenStreetMap;27/01/2016
node/3973879662;node/3973879662;42218;[4.3926184,45.42571160042203];12;CADRE ET ROUE;ARCEAU;LIBRE ACCES;true;AUTRE;false;false;OpenStreetMap;23/08/2016
node/4080189087;node/4080189087;42218;[4.3818301,45.44288720041993];20;CADRE;POTELET;LIBRE ACCES;true;AUTRE;false;false;OpenStreetMap;26/03/2016
node/4080189691;node/4080189691;42218;[4.3809197,45.44334730041987];6;CADRE;POTELET;LIBRE ACCES;true;AUTRE;false;false;OpenStreetMap;26/03/2016
node/4193587273;node/4193587273;42218;[4.3975755,45.473157700416195];10;CADRE;POTELET;LIBRE ACCES;true;AUTRE;false;false;OpenStreetMap;18/05/2016
node/4348360989;node/4348360989;42218;[4.387366899999999,45.44518530041965];6;CADRE ET ROUE;ARCEAU;LIBRE ACCES;true;AUTRE;false;false;OpenStreetMap;11/10/2021
node/4348701208;node/4348701208;42218;[4.3868711,45.44623170041952];6;CADRE ET ROUE;ARCEAU;LIBRE ACCES;true;AUTRE;false;false;OpenStreetMap;11/10/2021
node/4360447779;node/4360447779;42320;[4.493295299999999,45.52126820041015];;;AUTRE;LIBRE ACCES;true;AUTRE;false;false;OpenStreetMap;21/08/2016
node/4362352573;node/4362352573;42218;[4.393579299999999,45.41745930042303];4;CADRE ET ROUE;ARCEAU;LIBRE ACCES;true;AUTRE;false;false;OpenStreetMap;23/08/2016
node/4362352574;node/4362352574;42218;[4.393914599999999,45.41470480042337];8;CADRE ET ROUE;ARCEAU;LIBRE ACCES;true;AUTRE;false;false;OpenStreetMap;10/05/2020
node/4362355893;node/4362355893;42218;[4.3922345,45.42346050042231];8;CADRE ET ROUE;ARCEAU;LIBRE ACCES;true;AUTRE;false;false;OpenStreetMap;23/08/2016
node/4470990514;node/4470990514;42218;[4.3865053,45.44608220041955];8;CADRE ET ROUE;ARCEAU;LIBRE ACCES;true;AUTRE;false;false;OpenStreetMap;30/10/2016
node/4674499153;node/4674499153;42218;[4.392326399999999,45.426753200421906];;;AUTRE;LIBRE ACCES;true;AUTRE;false;false;OpenStreetMap;20/06/2021
node/4674499154;node/4674499154;42218;[4.392307,45.424859800422134];4;;AUTRE;PRIVE;true;AUTRE;false;false;OpenStreetMap;08/02/2017
node/4767822230;node/4767822230;42218;[4.3887277,45.44992940041908];6;CADRE ET ROUE;ARCEAU;LIBRE ACCES;true;AUTRE;false;false;OpenStreetMap;31/03/2017
node/4883606865;node/4883606865;42005;[4.2722628,45.526631600409466];5;ROUE;RATELIER;LIBRE ACCES;true;AUTRE;false;false;OpenStreetMap;29/05/2017
node/5244656777;node/5244656777;42218;[4.391522,45.446267200419534];6;CADRE ET ROUE;ARCEAU;LIBRE ACCES;true;AUTRE;false;false;OpenStreetMap;23/11/2017
node/5336695835;node/5336695835;42218;[4.3931979,45.42956340042156];6;CADRE;POTELET;LIBRE ACCES;true;AUTRE;false;false;OpenStreetMap;13/01/2018
node/5984977760;node/5984977760;42097;[4.317157599999999,45.497817700413115];4;;AUTRE;LIBRE ACCES;true;BOX INDIVIDUEL FERME;false;false;OpenStreetMap;15/10/2018
node/6029352296;node/6029352296;42218;[4.3906076,45.43197450042127];10;CADRE ET ROUE;ARCEAU;LIBRE ACCES;true;AUTRE;false;false;OpenStreetMap;15/03/2020
node/6038987986;node/6038987986;42207;[4.516761899999999,45.47199630041635];14;CADRE ET ROUE;ARCEAU;LIBRE ACCES;true;AUTRE;false;false;OpenStreetMap;05/11/2018
node/6147520628;node/6147520628;42218;[4.3818858,45.44473540041971];6;CADRE ET ROUE;ARCEAU;LIBRE ACCES;true;AUTRE;false;false;OpenStreetMap;20/09/2020
node/6518995575;node/6518995575;42218;[4.383539,45.452992100418705];3;CADRE ET ROUE;ARCEAU;LIBRE ACCES;true;AUTRE;false;false;OpenStreetMap;25/02/2020
node/6518995576;node/6518995576;42218;[4.3877231,45.449945100419086];6;CADRE ET ROUE;ARCEAU;LIBRE ACCES;true;AUTRE;false;false;OpenStreetMap;04/03/2020
node/6525540418;node/6525540418;42218;[4.381417999999999,45.45925170041793];6;;AUTRE;LIBRE ACCES;true;AUTRE;false;false;OpenStreetMap;05/06/2019
node/6550574967;node/6550574967;42218;[4.383901999999999,45.45161040041885];12;;AUTRE;LIBRE ACCES;true;AUTRE;false;false;OpenStreetMap;16/06/2019
node/6550615256;node/6550615256;42218;[4.392539599999999,45.434480900420965];10;;AUTRE;LIBRE ACCES;false;BOX INDIVIDUEL FERME;true;false;OpenStreetMap;15/02/2022
node/6648125384;node/6648125384;42218;[4.3972121,45.438761100420436];10;CADRE ET ROUE;ARCEAU;LIBRE ACCES;true;AUTRE;false;false;OpenStreetMap;30/04/2021
node/667528824;node/667528824;42218;[4.3906365,45.42743890042182];8;CADRE ET ROUE;ARCEAU;LIBRE ACCES;true;AUTRE;false;false;OpenStreetMap;26/11/2014
node/6728010800;node/6728010800;42242;[4.6180032,45.5558002004057];;;AUTRE;LIBRE ACCES;true;AUTRE;false;false;OpenStreetMap;20/08/2019
node/701044313;node/701044313;42218;[4.3930251,45.45136510041889];14;CADRE ET ROUE;ARCEAU;LIBRE ACCES;true;AUTRE;false;false;OpenStreetMap;11/10/2021
node/701044323;node/701044323;42218;[4.394335699999999,45.45044930041902];32;CADRE ET ROUE;ARCEAU;LIBRE ACCES;true;AUTRE;false;false;OpenStreetMap;11/10/2021
node/704677175;node/704677175;42218;[4.3936134,45.417282900423054];4;CADRE ET ROUE;ARCEAU;LIBRE ACCES;true;AUTRE;false;false;OpenStreetMap;01/11/2015
node/705879805;node/705879805;42218;[4.4088683,45.42284040042237];6;CADRE ET ROUE;ARCEAU;LIBRE ACCES;true;AUTRE;false;false;OpenStreetMap;02/06/2021
node/7162512739;node/7162512739;42218;[4.4203723,45.44186560042006];;;AUTRE;LIBRE ACCES;true;AUTRE;false;false;OpenStreetMap;27/01/2020
node/7206641667;node/7206641667;42218;[4.3820873,45.42949370042157];6;;AUTRE;LIBRE ACCES;true;AUTRE;false;false;OpenStreetMap;27/06/2020
node/7240995826;node/7240995826;42218;[4.3952354,45.45931680041791];12;CADRE ET ROUE;ARCEAU;LIBRE ACCES;true;AUTRE;false;false;OpenStreetMap;13/02/2021
node/7241010159;node/7241010159;42218;[4.3898112,45.459065700417945];10;CADRE ET ROUE;ARCEAU;LIBRE ACCES;true;AUTRE;false;false;OpenStreetMap;26/02/2020
node/7243542547;node/7243542547;42218;[4.384713399999999,45.44846200041925];6;CADRE ET ROUE;ARCEAU;LIBRE ACCES;true;AUTRE;false;false;OpenStreetMap;25/02/2020
node/7243546350;node/7243546350;42218;[4.3844304,45.45126190041892];3;CADRE ET ROUE;ARCEAU;LIBRE ACCES;true;AUTRE;false;false;OpenStreetMap;25/02/2020
node/7243546351;node/7243546351;42218;[4.387798,45.450137700419056];;ROUE;RATELIER;PRIVE;true;AUTRE;true;false;OpenStreetMap;25/02/2020
node/7243546352;node/7243546352;42218;[4.3865078,45.449934400419075];;ROUE;RATELIER;PRIVE;true;AUTRE;true;false;OpenStreetMap;25/02/2020
node/7243555218;node/7243555218;42218;[4.388919999999999,45.43697230042068];4;CADRE ET ROUE;ARCEAU;LIBRE ACCES;true;AUTRE;false;false;OpenStreetMap;25/02/2020
node/7243572319;node/7243572319;42218;[4.3858902,45.44350960041988];4;CADRE ET ROUE;ARCEAU;LIBRE ACCES;true;AUTRE;false;false;OpenStreetMap;26/10/2021
node/7243572321;node/7243572321;42218;[4.392930999999999,45.439130300420395];2;CADRE ET ROUE;ARCEAU;LIBRE ACCES;true;AUTRE;false;false;OpenStreetMap;25/02/2020
node/7244157584;node/7244157584;42218;[4.3962726,45.458459100418025];8;CADRE ET ROUE;ARCEAU;LIBRE ACCES;true;AUTRE;false;false;OpenStreetMap;26/02/2020
node/7244177085;node/7244177085;42218;[4.397509099999999,45.457448800418135];10;CADRE ET ROUE;ARCEAU;LIBRE ACCES;true;AUTRE;false;false;OpenStreetMap;26/02/2020
node/7244177086;node/7244177086;42218;[4.394239499999999,45.45494650041845];10;CADRE ET ROUE;ARCEAU;LIBRE ACCES;true;AUTRE;false;false;OpenStreetMap;26/02/2020
node/7244177087;node/7244177087;42218;[4.402308999999999,45.44955090041914];6;CADRE ET ROUE;ARCEAU;LIBRE ACCES;true;AUTRE;false;false;OpenStreetMap;26/02/2020
node/7244177088;node/7244177088;42218;[4.405307199999999,45.44687010041944];16;CADRE ET ROUE;ARCEAU;LIBRE ACCES;true;AUTRE;false;false;OpenStreetMap;26/02/2020
node/7244177089;node/7244177089;42218;[4.4011724,45.44551140041961];10;CADRE ET ROUE;ARCEAU;LIBRE ACCES;true;AUTRE;false;false;OpenStreetMap;16/08/2021
node/7244270799;node/7244270799;42218;[4.4003428,45.456429300418286];10;CADRE ET ROUE;ARCEAU;LIBRE ACCES;true;AUTRE;false;false;OpenStreetMap;26/02/2020
node/7244297968;node/7244297968;42218;[4.3945212,45.4488445004192];10;CADRE ET ROUE;ARCEAU;LIBRE ACCES;true;AUTRE;false;false;OpenStreetMap;26/02/2020
node/7244990608;node/7244990608;42218;[4.392816999999999,45.417028900423084];4;;AUTRE;LIBRE ACCES;true;BOX INDIVIDUEL FERME;true;false;OpenStreetMap;26/02/2020
node/7244991522;node/7244991522;42218;[4.3854543,45.446974600419445];6;CADRE ET ROUE;ARCEAU;LIBRE ACCES;true;AUTRE;false;false;OpenStreetMap;26/02/2020
node/7244991523;node/7244991523;42218;[4.3856005,45.44684760041945];5;;AUTRE;PRIVE;true;BOX INDIVIDUEL FERME;true;false;OpenStreetMap;14/09/2021
node/7244991882;node/7244991882;42218;[4.394634399999999,45.45434180041854];10;CADRE ET ROUE;ARCEAU;LIBRE ACCES;true;AUTRE;false;false;OpenStreetMap;15/09/2020
node/7244991883;node/7244991883;42218;[4.391144700000001,45.45227340041878];8;CADRE ET ROUE;ARCEAU;LIBRE ACCES;true;AUTRE;true;false;OpenStreetMap;26/02/2020
node/7244997385;node/7244997385;42218;[4.380027799999999,45.464323200417304];4;;AUTRE;LIBRE ACCES;true;BOX INDIVIDUEL FERME;true;false;OpenStreetMap;26/02/2020
node/7244997386;node/7244997386;42218;[4.3800976,45.46428110041731];4;CADRE ET ROUE;ARCEAU;LIBRE ACCES;true;AUTRE;false;false;OpenStreetMap;26/02/2020
node/7244997387;node/7244997387;42218;[4.3802188,45.46445350041727];4;;AUTRE;LIBRE ACCES;true;BOX INDIVIDUEL FERME;true;false;OpenStreetMap;26/02/2020
node/7244997388;node/7244997388;42218;[4.3802811,45.46441360041729];4;CADRE ET ROUE;ARCEAU;LIBRE ACCES;true;AUTRE;false;false;OpenStreetMap;26/02/2020
node/7244997389;node/7244997389;42218;[4.378167,45.46448720041728];8;CADRE ET ROUE;ARCEAU;LIBRE ACCES;true;AUTRE;false;false;OpenStreetMap;26/02/2020
node/7245035373;node/7245035373;42218;[4.3927624,45.41910630042284];4;CADRE ET ROUE;ARCEAU;LIBRE ACCES;true;AUTRE;false;false;OpenStreetMap;26/02/2020
node/7246999565;node/7246999565;42218;[4.3815037,45.4400161004203];6;CADRE ET ROUE;ARCEAU;LIBRE ACCES;true;AUTRE;false;false;OpenStreetMap;27/02/2020
node/7278289485;node/7278289485;42110;[4.538959099999999,45.486417100414535];;;AUTRE;LIBRE ACCES;true;AUTRE;false;false;OpenStreetMap;08/03/2020
node/7278658190;node/7278658190;42207;[4.4929832,45.46144230041765];;;AUTRE;PRIVE;true;AUTRE;true;false;OpenStreetMap;09/03/2020
node/7295509218;node/7295509218;42207;[4.5113448,45.46683760041698];;;AUTRE;LIBRE ACCES;true;AUTRE;false;false;OpenStreetMap;14/03/2020
node/7296257125;node/7296257125;42218;[4.3922212,45.45151770041887];4;CADRE ET ROUE;ARCEAU;LIBRE ACCES;true;AUTRE;false;false;OpenStreetMap;15/03/2020
node/7296257126;node/7296257126;42218;[4.3910611,45.45195660041883];4;CADRE ET ROUE;ARCEAU;LIBRE ACCES;true;AUTRE;false;false;OpenStreetMap;15/03/2020
node/7296286931;node/7296286931;42218;[4.3908119999999995,45.43769490042056];4;CADRE ET ROUE;ARCEAU;LIBRE ACCES;true;AUTRE;false;false;OpenStreetMap;16/03/2020
node/7296309046;node/7296309046;42218;[4.390805899999999,45.43477310042093];6;CADRE ET ROUE;ARCEAU;LIBRE ACCES;true;AUTRE;false;false;OpenStreetMap;15/03/2020
node/7296318611;node/7296318611;42218;[4.3803735,45.43519300042088];8;CADRE ET ROUE;ARCEAU;LIBRE ACCES;true;AUTRE;false;false;OpenStreetMap;15/03/2020
node/7298487675;node/7298487675;42218;[4.3920578,45.43496470042091];6;CADRE ET ROUE;ARCEAU;LIBRE ACCES;true;AUTRE;false;false;OpenStreetMap;16/03/2020
node/7298533192;node/7298533192;42218;[4.3855683,45.43651400042073];4;CADRE ET ROUE;ARCEAU;LIBRE ACCES;true;AUTRE;false;false;OpenStreetMap;16/03/2020
node/7298533193;node/7298533193;42218;[4.3831892,45.4374795004206];6;CADRE ET ROUE;ARCEAU;LIBRE ACCES;true;AUTRE;false;false;OpenStreetMap;16/03/2020
node/7298548167;node/7298548167;42218;[4.3918278,45.427775500421795];10;CADRE ET ROUE;ARCEAU;LIBRE ACCES;true;AUTRE;false;false;OpenStreetMap;15/07/2021
node/7310076700;node/7310076700;42207;[4.5126938,45.46863940041677];;;AUTRE;;true;AUTRE;true;false;OpenStreetMap;19/03/2020
node/7310840564;node/7310840564;42218;[4.4052238,45.455298400418414];5;CADRE ET ROUE;ARCEAU;LIBRE ACCES;true;AUTRE;false;false;OpenStreetMap;20/03/2020
node/7333391899;node/7333391899;42218;[4.3911829000000004,45.45653270041825];5;CADRE ET ROUE;ARCEAU;LIBRE ACCES;true;AUTRE;false;false;OpenStreetMap;26/03/2020
node/7335752973;node/7335752973;42207;[4.511588,45.45898240041795];;;AUTRE;PRIVE;true;AUTRE;false;false;OpenStreetMap;27/03/2020
node/738162939;node/738162939;42218;[4.388556,45.42055470042266];6;CADRE ET ROUE;ARCEAU;LIBRE ACCES;true;AUTRE;false;false;OpenStreetMap;01/11/2015
node/7504017288;node/7504017288;42218;[4.3877699,45.43125680042135];6;CADRE ET ROUE;ARCEAU;LIBRE ACCES;true;AUTRE;false;false;OpenStreetMap;10/05/2020
node/7504038285;node/7504038285;42218;[4.3943691,45.415699300423256];2;CADRE ET ROUE;ARCEAU;LIBRE ACCES;true;AUTRE;false;false;OpenStreetMap;10/05/2020
node/7515689180;node/7515689180;42218;[4.387278,45.45934140041791];4;CADRE ET ROUE;ARCEAU;LIBRE ACCES;true;AUTRE;false;false;OpenStreetMap;13/05/2020
node/762632706;node/762632706;42218;[4.3906725,45.42724820042184];12;CADRE ET ROUE;ARCEAU;LIBRE ACCES;true;AUTRE;false;false;OpenStreetMap;01/11/2015
node/7734261414;node/7734261414;42218;[4.3936548,45.42621570042198];;CADRE ET ROUE;ARCEAU;LIBRE ACCES;true;AUTRE;true;false;OpenStreetMap;21/07/2020
node/7774197257;node/7774197257;42218;[4.3832513,45.451062400418934];2;CADRE ET ROUE;ARCEAU;LIBRE ACCES;true;AUTRE;false;false;OpenStreetMap;31/07/2020
node/7795005173;node/7795005173;42218;[4.3904286,45.4374430004206];3;CADRE ET ROUE;ARCEAU;LIBRE ACCES;true;AUTRE;false;false;OpenStreetMap;07/08/2020
node/7795037598;node/7795037598;42218;[4.3811264,45.44811280041931];8;CADRE ET ROUE;ARCEAU;LIBRE ACCES;true;AUTRE;false;false;OpenStreetMap;07/08/2020
node/7838166514;node/7838166514;42218;[4.4000493999999994,45.442760100419946];30;CADRE ET ROUE;ARCEAU;LIBRE ACCES;true;AUTRE;false;false;OpenStreetMap;18/09/2020
node/7890138321;node/7890138321;42218;[4.3991728,45.440129400420275];10;CADRE ET ROUE;ARCEAU;LIBRE ACCES;true;AUTRE;false;false;OpenStreetMap;20/09/2020
node/7890142797;node/7890142797;42218;[4.399209899999999,45.44018860042027];6;CADRE ET ROUE;ARCEAU;LIBRE ACCES;true;AUTRE;false;false;OpenStreetMap;20/09/2020
node/7908137487;node/7908137487;42218;[4.4002837,45.446063900419546];6;;AUTRE;LIBRE ACCES;true;AUTRE;false;false;OpenStreetMap;15/09/2020
node/7908137488;node/7908137488;42218;[4.400426499999999,45.44599260041955];6;;AUTRE;LIBRE ACCES;true;AUTRE;false;false;OpenStreetMap;16/08/2021
node/7925479494;node/7925479494;42218;[4.380300599999999,45.435396400420856];8;CADRE ET ROUE;ARCEAU;LIBRE ACCES;true;AUTRE;false;false;OpenStreetMap;20/09/2020
node/7925479886;node/7925479886;42218;[4.382292499999999,45.444305900419764];6;CADRE ET ROUE;ARCEAU;LIBRE ACCES;true;AUTRE;false;false;OpenStreetMap;20/09/2020
node/8008078264;node/8008078264;42218;[4.3909465,45.43678130042068];6;CADRE ET ROUE;ARCEAU;LIBRE ACCES;true;AUTRE;false;false;OpenStreetMap;15/10/2020
node/8008109696;node/8008109696;42218;[4.3849596,45.4398959004203];6;CADRE ET ROUE;ARCEAU;LIBRE ACCES;true;AUTRE;false;false;OpenStreetMap;15/10/2020
node/8008111812;node/8008111812;42218;[4.3915653,45.435901800420794];6;CADRE ET ROUE;ARCEAU;LIBRE ACCES;true;AUTRE;false;false;OpenStreetMap;15/10/2020
node/8008115769;node/8008115769;42218;[4.3841806,45.43961720042034];6;CADRE ET ROUE;ARCEAU;LIBRE ACCES;true;AUTRE;false;false;OpenStreetMap;15/10/2020
node/8018749586;node/8018749586;42218;[4.3885676,45.434527900420974];4;CADRE ET ROUE;ARCEAU;LIBRE ACCES;true;AUTRE;false;false;OpenStreetMap;18/10/2020
node/8100188201;node/8100188201;42218;[4.4208248,45.444623100419726];5;CADRE ET ROUE;ARCEAU;LIBRE ACCES;true;AUTRE;false;false;OpenStreetMap;10/11/2020
node/8121368593;node/8121368593;42218;[4.3901766,45.45373380041861];6;CADRE ET ROUE;ARCEAU;LIBRE ACCES;true;AUTRE;false;false;OpenStreetMap;15/11/2020
node/8358824395;node/8358824395;42218;[4.3918445,45.44955230041912];10;;AUTRE;LIBRE ACCES;false;BOX INDIVIDUEL FERME;true;false;OpenStreetMap;24/01/2021
node/8358824398;node/8358824398;42218;[4.3859984,45.449335100419155];10;;AUTRE;LIBRE ACCES;false;BOX INDIVIDUEL FERME;true;false;OpenStreetMap;02/05/2021
node/8377714259;node/8377714259;42218;[4.3982598,45.4102909004239];10;;AUTRE;LIBRE ACCES;true;BOX INDIVIDUEL FERME;false;false;OpenStreetMap;30/01/2021
node/8419929171;node/8419929171;42218;[4.395488,45.45926150041793];10;;AUTRE;LIBRE ACCES;false;BOX INDIVIDUEL FERME;true;false;OpenStreetMap;13/02/2021
node/8419994336;node/8419994336;42218;[4.3875487,45.46167240041762];4;CADRE ET ROUE;ARCEAU;LIBRE ACCES;true;AUTRE;false;false;OpenStreetMap;13/02/2021
node/8439363640;node/8439363640;42218;[4.3895569,45.44568980041959];10;CADRE ET ROUE;ARCEAU;LIBRE ACCES;true;AUTRE;false;false;OpenStreetMap;27/03/2021
node/8503885756;node/8503885756;42218;[4.3939212,45.41535130042328];10;;AUTRE;PRIVE;false;CONSIGNE COLLECTIVE FERMEE;true;false;OpenStreetMap;10/03/2021
node/8544887317;node/8544887317;42186;[4.606452499999999,45.524176300409785];4;;AUTRE;LIBRE ACCES;true;BOX INDIVIDUEL FERME;false;false;OpenStreetMap;22/12/2021
node/8712953516;node/8712953516;42218;[4.375521,45.43552390042084];14;CADRE ET ROUE;ARCEAU;LIBRE ACCES;true;AUTRE;false;false;OpenStreetMap;08/05/2021
node/8808495383;node/8808495383;42218;[4.3966719,45.449130100419175];6;CADRE ET ROUE;ARCEAU;LIBRE ACCES;true;AUTRE;false;false;OpenStreetMap;11/10/2021
node/8808495384;node/8808495384;42218;[4.3964439,45.44910180041918];6;CADRE ET ROUE;ARCEAU;LIBRE ACCES;true;AUTRE;false;false;OpenStreetMap;11/10/2021
node/8808495385;node/8808495385;42218;[4.3959554,45.44903320041918];6;CADRE ET ROUE;ARCEAU;LIBRE ACCES;true;AUTRE;false;false;OpenStreetMap;11/10/2021
node/8808495386;node/8808495386;42218;[4.3956365,45.44897010041918];6;CADRE ET ROUE;ARCEAU;LIBRE ACCES;true;AUTRE;false;false;OpenStreetMap;11/10/2021
node/8808495387;node/8808495387;42218;[4.3953942,45.44894670041919];6;CADRE ET ROUE;ARCEAU;LIBRE ACCES;true;AUTRE;false;false;OpenStreetMap;11/10/2021
node/8808495388;node/8808495388;42218;[4.3950948,45.448901600419205];10;CADRE ET ROUE;ARCEAU;LIBRE ACCES;true;AUTRE;false;false;OpenStreetMap;11/10/2021
node/8867753470;node/8867753470;42218;[4.386132299999999,45.43817870042051];4;CADRE ET ROUE;ARCEAU;LIBRE ACCES;true;AUTRE;false;false;OpenStreetMap;26/06/2021
node/8948904125;node/8948904125;42210;[4.6468332,45.47925100041544];5;ROUE;RATELIER;LIBRE ACCES;true;AUTRE;false;false;OpenStreetMap;25/07/2021
node/8953999813;node/8953999813;42275;[4.3739823,45.469972000416604];8;CADRE ET ROUE;ARCEAU;LIBRE ACCES;true;AUTRE;false;false;OpenStreetMap;27/07/2021
node/8954006618;node/8954006618;42275;[4.3734559,45.469424600416666];;CADRE ET ROUE;ARCEAU;LIBRE ACCES;true;AUTRE;false;false;OpenStreetMap;27/07/2021
way/119185929;way/119185929;42207;[4.517454850001493,45.47273410042643];;;AUTRE;PRIVE;true;AUTRE;true;false;cadastre-dgi-fr source : Direction Générale des Impôts - Cadastre. Mise à jour : 2011;09/08/2017
way/154275599;way/154275599;42005;[4.2715731286314735,45.530353323920075];;;AUTRE;LIBRE ACCES;true;AUTRE;true;false;cadastre-dgi-fr source : Direction Générale des Impôts - Cadastre. Mise à jour : 2012;03/11/2012
way/240485175;way/240485175;42218;[4.394744699999906,45.430269000425085];18;CADRE;POTELET;LIBRE ACCES;true;AUTRE;false;false;OpenStreetMap;13/01/2018
way/240485177;way/240485177;42218;[4.394741216849538,45.430181350499325];;CADRE;POTELET;LIBRE ACCES;true;AUTRE;false;false;OpenStreetMap;13/01/2018
way/630873064;way/630873064;42005;[4.278103269859801,45.52509621950184];4;;AUTRE;LIBRE ACCES;true;BOX INDIVIDUEL FERME;false;false;OpenStreetMap;05/10/2018
way/87560140;way/87560140;42095;[4.285814000001559,45.3915420004351];24;;AUTRE;LIBRE ACCES;true;BOX INDIVIDUEL FERME;true;false;cadastre-dgi-fr source : Direction Générale des Impôts - Cadastre. Mise à jour : 2010;21/08/2021
way/988585115;way/988585115;42207;[4.48966905000091,45.4598998504222];;;AUTRE;LIBRE ACCES;true;AUTRE;false;false;OpenStreetMap;01/10/2021
